Lane,Sample_ID,Sample_Project,index,index2,ReadNumber,AdapterBases,SampleBases,% Adapter Bases

1,Site1-1,AMP-080524-IT-Tanzi-eDNA-2024,AATCGTGCGG,GTTCAGTAGA,1,0,30342637,0.000
1,Site1-1,AMP-080524-IT-Tanzi-eDNA-2024,AATCGTGCGG,GTTCAGTAGA,2,0,30342637,0.000
1,Site1-2,AMP-080524-IT-Tanzi-eDNA-2024,TACCGGAGCA,CTTAGCAGGC,1,0,92206607,0.000
1,Site1-2,AMP-080524-IT-Tanzi-eDNA-2024,TACCGGAGCA,CTTAGCAGGC,2,0,92206607,0.000
1,Site1-3,AMP-080524-IT-Tanzi-eDNA-2024,AGCACCAGTC,CTCGTGTAGC,1,0,62461852,0.000
1,Site1-3,AMP-080524-IT-Tanzi-eDNA-2024,AGCACCAGTC,CTCGTGTAGC,2,0,62461852,0.000
1,Site2-1,AMP-080524-IT-Tanzi-eDNA-2024,TACCTAGACT,GCATTCGAAT,1,0,34974089,0.000
1,Site2-1,AMP-080524-IT-Tanzi-eDNA-2024,TACCTAGACT,GCATTCGAAT,2,0,34974089,0.000
1,Site2-2,AMP-080524-IT-Tanzi-eDNA-2024,CAGACTGCAG,ACCGGCCTTA,1,0,28208133,0.000
1,Site2-2,AMP-080524-IT-Tanzi-eDNA-2024,CAGACTGCAG,ACCGGCCTTA,2,0,28208133,0.000
1,Site2-3,AMP-080524-IT-Tanzi-eDNA-2024,GTTAGTGCCT,CTGCATAGCA,1,0,70993342,0.000
1,Site2-3,AMP-080524-IT-Tanzi-eDNA-2024,GTTAGTGCCT,CTGCATAGCA,2,0,70993342,0.000
1,Site3-1,AMP-080524-IT-Tanzi-eDNA-2024,CGCAATAAGA,CCTACAGCGT,1,0,1004,0.000
1,Site3-1,AMP-080524-IT-Tanzi-eDNA-2024,CGCAATAAGA,CCTACAGCGT,2,0,1004,0.000
1,Site3-2,AMP-080524-IT-Tanzi-eDNA-2024,TCGGTCTGTT,TGGTTGGTAC,1,0,59319081,0.000
1,Site3-2,AMP-080524-IT-Tanzi-eDNA-2024,TCGGTCTGTT,TGGTTGGTAC,2,0,59319081,0.000
1,Site3-3,AMP-080524-IT-Tanzi-eDNA-2024,CTAGACGAGC,GAGGATGGAT,1,0,32938730,0.000
1,Site3-3,AMP-080524-IT-Tanzi-eDNA-2024,CTAGACGAGC,GAGGATGGAT,2,0,32938730,0.000
1,Site4-1,AMP-080524-IT-Tanzi-eDNA-2024,GTAATACTCG,CTCACGAATC,1,0,35832760,0.000
1,Site4-1,AMP-080524-IT-Tanzi-eDNA-2024,GTAATACTCG,CTCACGAATC,2,0,35832760,0.000
1,Site4-2,AMP-080524-IT-Tanzi-eDNA-2024,GATTCTTAGC,TGCTAGCGGT,1,0,5678122,0.000
1,Site4-2,AMP-080524-IT-Tanzi-eDNA-2024,GATTCTTAGC,TGCTAGCGGT,2,0,5678122,0.000
1,Site4-3,AMP-080524-IT-Tanzi-eDNA-2024,TGTGATCGCG,AGACGAGTCT,1,0,97663096,0.000
1,Site4-3,AMP-080524-IT-Tanzi-eDNA-2024,TGTGATCGCG,AGACGAGTCT,2,0,97663096,0.000
1,XB,AMP-080524-IT-Tanzi-eDNA-2024,ATCGAGAGAC,TGGAAGCAGA,1,0,3409835,0.000
1,XB,AMP-080524-IT-Tanzi-eDNA-2024,ATCGAGAGAC,TGGAAGCAGA,2,0,3409835,0.000
1,NTC,AMP-080524-IT-Tanzi-eDNA-2024,CTGAACGTAT,GCCAATACAT,1,0,65511,0.000
1,NTC,AMP-080524-IT-Tanzi-eDNA-2024,CTGAACGTAT,GCCAATACAT,2,0,65511,0.000
1,PAC,AMP-080524-IT-Tanzi-eDNA-2024,CACTAGACTT,TGTGGATTAG,1,0,59371038,0.000
1,PAC,AMP-080524-IT-Tanzi-eDNA-2024,CACTAGACTT,TGTGGATTAG,2,0,59371038,0.000
