Lane,SampleID,Sample_Project,index,index2,# Reads,% of Hopped Reads,% of All Reads

1,Site1-1,AMP-080524-IT-Tanzi-eDNA-2024,AATCGTGCGG,GTTCAGTAGA,120887,,0.000246
1,Site1-2,AMP-080524-IT-Tanzi-eDNA-2024,TACCGGAGCA,CTTAGCAGGC,367357,,0.000748
1,Site1-3,AMP-080524-IT-Tanzi-eDNA-2024,AGCACCAGTC,CTCGTGTAGC,248852,,0.000506
1,Site2-1,AMP-080524-IT-Tanzi-eDNA-2024,TACCTAGACT,GCATTCGAAT,139339,,0.000284
1,Site2-2,AMP-080524-IT-Tanzi-eDNA-2024,CAGACTGCAG,ACCGGCCTTA,112383,,0.000229
1,Site2-3,AMP-080524-IT-Tanzi-eDNA-2024,GTTAGTGCCT,CTGCATAGCA,282842,,0.000576
1,Site3-1,AMP-080524-IT-Tanzi-eDNA-2024,CGCAATAAGA,CCTACAGCGT,4,,0.000000
1,Site3-2,AMP-080524-IT-Tanzi-eDNA-2024,TCGGTCTGTT,TGGTTGGTAC,236331,,0.000481
1,Site3-3,AMP-080524-IT-Tanzi-eDNA-2024,CTAGACGAGC,GAGGATGGAT,131230,,0.000267
1,Site4-1,AMP-080524-IT-Tanzi-eDNA-2024,GTAATACTCG,CTCACGAATC,142760,,0.000290
1,Site4-2,AMP-080524-IT-Tanzi-eDNA-2024,GATTCTTAGC,TGCTAGCGGT,22622,,0.000046
1,Site4-3,AMP-080524-IT-Tanzi-eDNA-2024,TGTGATCGCG,AGACGAGTCT,389096,,0.000792
1,XB,AMP-080524-IT-Tanzi-eDNA-2024,ATCGAGAGAC,TGGAAGCAGA,13585,,0.000028
1,NTC,AMP-080524-IT-Tanzi-eDNA-2024,CTGAACGTAT,GCCAATACAT,261,,0.000001
1,PAC,AMP-080524-IT-Tanzi-eDNA-2024,CACTAGACTT,TGTGGATTAG,236538,,0.000481
