Lane,SampleID,Sample_Project,index,index2,ReadNumber,Yield,YieldQ30,QualityScoreSum,Mean Quality Score (PF),% Q30

1,HM1-IT-MF,AMP-111425-TanziScienceResearch25-MF,TAGCGAGGCT,TTGCTCACGG,1,20803633,17325771,705258382,33.90,0.83
1,HM1-IT-MF,AMP-111425-TanziScienceResearch25-MF,TAGCGAGGCT,TTGCTCACGG,2,20803633,17549930,710375387,34.15,0.84
1,HM2-IT-MF,AMP-111425-TanziScienceResearch25-MF,CCAACTGTAT,GCGCTAGAGA,1,72633376,56441945,2386956691,32.86,0.78
1,HM2-IT-MF,AMP-111425-TanziScienceResearch25-MF,CCAACTGTAT,GCGCTAGAGA,2,72633376,62522209,2506075632,34.50,0.86
1,HM3-IT-MF,AMP-111425-TanziScienceResearch25-MF,GAGTAGTGAC,GCGATGCCAA,1,19782063,13723057,615118661,31.09,0.69
1,HM3-IT-MF,AMP-111425-TanziScienceResearch25-MF,GAGTAGTGAC,GCGATGCCAA,2,19782063,17157797,685181994,34.64,0.87
1,HM4-IT-MF,AMP-111425-TanziScienceResearch25-MF,CCAGTATTCT,ACGAAGCGAT,1,92733456,78141017,3167695612,34.16,0.84
1,HM4-IT-MF,AMP-111425-TanziScienceResearch25-MF,CCAGTATTCT,ACGAAGCGAT,2,92733456,78331037,3168722719,34.17,0.84
1,HM5-IT-MF,AMP-111425-TanziScienceResearch25-MF,ATCATACCGC,ATGTCGTACT,1,6810634,5777578,233155968,34.23,0.85
1,HM5-IT-MF,AMP-111425-TanziScienceResearch25-MF,ATCATACCGC,ATGTCGTACT,2,6810634,5704859,231649995,34.01,0.84
1,MRG1-IT-MF,AMP-111425-TanziScienceResearch25-MF,ATTCGCACTA,TCTGTATGGT,1,8590977,7241690,293130855,34.12,0.84
1,MRG1-IT-MF,AMP-111425-TanziScienceResearch25-MF,ATTCGCACTA,TCTGTATGGT,2,8590977,7277963,293998727,34.22,0.85
1,MRG2-IT-MF,AMP-111425-TanziScienceResearch25-MF,CTCTTCAGCA,TTGTCTCTAC,1,114460769,96855385,3922352009,34.27,0.85
1,MRG2-IT-MF,AMP-111425-TanziScienceResearch25-MF,CTCTTCAGCA,TTGTCTCTAC,2,114460769,96991088,3915862800,34.21,0.85
1,MRG3-IT-MF,AMP-111425-TanziScienceResearch25-MF,CTGTATGCCA,TTCCGGCTGT,1,14323315,11988925,487317479,34.02,0.84
1,MRG3-IT-MF,AMP-111425-TanziScienceResearch25-MF,CTGTATGCCA,TTCCGGCTGT,2,14323315,12079097,489109446,34.15,0.84
1,MRG4-IT-MF,AMP-111425-TanziScienceResearch25-MF,TCTGACTATG,TAACCAGATC,1,18204277,15442529,624124867,34.28,0.85
1,MRG4-IT-MF,AMP-111425-TanziScienceResearch25-MF,TCTGACTATG,TAACCAGATC,2,18204277,15473728,623735567,34.26,0.85
1,MRG5-IT-MF,AMP-111425-TanziScienceResearch25-MF,TGTGACGTAT,GCAGCGTTAG,1,5688413,4487859,188279908,33.10,0.79
1,MRG5-IT-MF,AMP-111425-TanziScienceResearch25-MF,TGTGACGTAT,GCAGCGTTAG,2,5688413,4799653,194398414,34.17,0.84
1,WML1-IT-MF,AMP-111425-TanziScienceResearch25-MF,AGAAGATTGG,AGAAGGTACT,1,7359822,6099978,248866452,33.81,0.83
1,WML1-IT-MF,AMP-111425-TanziScienceResearch25-MF,AGAAGATTGG,AGAAGGTACT,2,7359822,6235340,251815143,34.21,0.85
1,WML2-IT-MF,AMP-111425-TanziScienceResearch25-MF,ATCCAGCATG,AGAGCTCTAC,1,7381157,6227494,252154487,34.16,0.84
1,WML2-IT-MF,AMP-111425-TanziScienceResearch25-MF,ATCCAGCATG,AGAGCTCTAC,2,7381157,6113963,249562726,33.81,0.83
1,WML3-IT-MF,AMP-111425-TanziScienceResearch25-MF,GCGCCATATA,GAACCTCCTA,1,24688611,18958763,805447891,32.62,0.77
1,WML3-IT-MF,AMP-111425-TanziScienceResearch25-MF,GCGCCATATA,GAACCTCCTA,2,24688611,21380359,854350963,34.61,0.87
1,WML4-IT-MF,AMP-111425-TanziScienceResearch25-MF,CACTCGCATA,GAACGCGACA,1,52201976,34545530,1586000906,30.38,0.66
1,WML4-IT-MF,AMP-111425-TanziScienceResearch25-MF,CACTCGCATA,GAACGCGACA,2,52201976,45238151,1805363911,34.58,0.87
1,WML5-IT-MF,AMP-111425-TanziScienceResearch25-MF,AAGGTCAATG,GCATTATAGG,1,4148026,2961617,130514606,31.46,0.71
1,WML5-IT-MF,AMP-111425-TanziScienceResearch25-MF,AAGGTCAATG,GCATTATAGG,2,4148026,3551520,142659304,34.39,0.86
1,XB-IT-MF,AMP-111425-TanziScienceResearch25-MF,GTGACGCACA,CGTTGTTGCG,1,18441221,15506683,628788014,34.10,0.84
1,XB-IT-MF,AMP-111425-TanziScienceResearch25-MF,GTGACGCACA,CGTTGTTGCG,2,18441221,15220941,622746057,33.77,0.83
