Lane,SampleID,Sample_Project,Index,# Reads,# Perfect Index Reads,# One Mismatch Index Reads,# Two Mismatch Index Reads,% Reads,% Perfect Index Reads,% One Mismatch Index Reads,% Two Mismatch Index Reads

1,Site1-1,AMP-080524-IT-Tanzi-eDNA-2024,AATCGTGCGG-GTTCAGTAGA,120887,115805,5082,0,0.0002,0.9580,0.0420,0.0000
1,Site1-2,AMP-080524-IT-Tanzi-eDNA-2024,TACCGGAGCA-CTTAGCAGGC,367357,358873,8484,0,0.0007,0.9769,0.0231,0.0000
1,Site1-3,AMP-080524-IT-Tanzi-eDNA-2024,AGCACCAGTC-CTCGTGTAGC,248852,243894,4958,0,0.0005,0.9801,0.0199,0.0000
1,Site2-1,AMP-080524-IT-Tanzi-eDNA-2024,TACCTAGACT-GCATTCGAAT,139339,135146,4193,0,0.0003,0.9699,0.0301,0.0000
1,Site2-2,AMP-080524-IT-Tanzi-eDNA-2024,CAGACTGCAG-ACCGGCCTTA,112383,107308,5075,0,0.0002,0.9548,0.0452,0.0000
1,Site2-3,AMP-080524-IT-Tanzi-eDNA-2024,GTTAGTGCCT-CTGCATAGCA,282842,274870,7972,0,0.0006,0.9718,0.0282,0.0000
1,Site3-1,AMP-080524-IT-Tanzi-eDNA-2024,CGCAATAAGA-CCTACAGCGT,4,3,1,0,0.0000,0.7500,0.2500,0.0000
1,Site3-2,AMP-080524-IT-Tanzi-eDNA-2024,TCGGTCTGTT-TGGTTGGTAC,236331,230397,5934,0,0.0005,0.9749,0.0251,0.0000
1,Site3-3,AMP-080524-IT-Tanzi-eDNA-2024,CTAGACGAGC-GAGGATGGAT,131230,129244,1986,0,0.0003,0.9849,0.0151,0.0000
1,Site4-1,AMP-080524-IT-Tanzi-eDNA-2024,GTAATACTCG-CTCACGAATC,142760,138552,4208,0,0.0003,0.9705,0.0295,0.0000
1,Site4-2,AMP-080524-IT-Tanzi-eDNA-2024,GATTCTTAGC-TGCTAGCGGT,22622,22203,419,0,0.0000,0.9815,0.0185,0.0000
1,Site4-3,AMP-080524-IT-Tanzi-eDNA-2024,TGTGATCGCG-AGACGAGTCT,389096,305456,83640,0,0.0008,0.7850,0.2150,0.0000
1,XB,AMP-080524-IT-Tanzi-eDNA-2024,ATCGAGAGAC-TGGAAGCAGA,13585,13253,332,0,0.0000,0.9756,0.0244,0.0000
1,NTC,AMP-080524-IT-Tanzi-eDNA-2024,CTGAACGTAT-GCCAATACAT,261,239,22,0,0.0000,0.9157,0.0843,0.0000
1,PAC,AMP-080524-IT-Tanzi-eDNA-2024,CACTAGACTT-TGTGGATTAG,236538,226611,9927,0,0.0005,0.9580,0.0420,0.0000
